,daily_study_hours,sleep_hours,exam_anxiety_score,pass_fail
S0001,1.427202816,6.809352144,6.10410301,1
S0002,4.813611518,5.567793478,1.982358076,1
S0003,1.24090778,6.70287496,4.463661528,1
S0004,2.19060111,7.854438568,4.740474299,1
S0005,2.192264805,7.662428899,1.143852388,1
S0006,2.281605145,7.302930413,5.588056986,0
S0007,1.657147373,6.534113899,1.618657891,0
S0008,4.132645724,6.769044045,3.571353785,1
S0009,1.489991448,6.949089078,6.297339161,1
S0010,3.539626637,7.848448592,5.465957551,1
S0011,1.495384107,6.841872221,6.895807109,0
S0012,1.28214255,6.332073845,6.072927193,1
S0013,4.637718015,6.330464147,1,1
S0014,1.760515065,7.783154268,3.076397186,1
S0015,4.285000618,6.263300191,4.006030845,1
S0016,3.178523484,7.034567936,2.761396226,1
S0017,1.311426078,7.623604111,1,1
S0018,4.821792766,7.640706891,1.236879017,1
S0019,1.987844668,7.918503157,2.551214416,1
S0020,4.438581381,6.942715158,1.295687205,1
S0021,1.675240023,6.968583198,5.597429929,1
S0022,4.415771529,7.289643714,3.171570808,1
S0023,1.052915252,6.502991719,3.991997675,1
S0024,3.047121826,6.583209636,1.357323198,1
S0025,4.077770318,8.044237856,2.097115409,1
S0026,4.73918207,7.091133048,1.836094027,1
S0027,4.636808545,7.114995085,1,1
S0028,4.278499478,7.237347512,1,1
S0029,4.552765399,6.713929945,3.916056093,1
S0030,1.796878743,6.802224034,1.880136078,1
S0031,2.136737183,6.717548478,3.189656469,1
S0032,2.1558741,7.438306957,5.006257804,0
S0033,2.508215724,7.079406649,3.513951826,1
S0034,2.573282682,7.877251019,1.806180952,1
S0035,3.178221299,6.91691589,4.919830526,1
S0036,1.639519053,6.934415719,1,1
S0037,3.764986655,5.891390597,5.278464605,1
S0038,1.670266157,7.707794643,2.708941721,1
S0039,2.241233928,7.969965153,6.21838963,1
S0040,3.013380522,7.408461402,3.45138353,1
S0041,4.185762246,6.723277239,1.856052131,1
S0042,3.957876933,7.264841795,3.648976896,1
S0043,3.582137426,8.072004067,1,1
S0044,1.623093042,6.562365498,1,1
S0045,3.188181382,7.096654315,4.264604881,1
S0046,1.349786007,5.965383238,4.851570069,1
S0047,2.509452707,7.303131542,1,1
S0048,2.654066121,6.838788602,1,1
S0049,1.159245758,6.022549878,1.624771534,1
S0050,2.095952398,7.194904825,1.339573712,1
S0051,4.822597869,6.24034491,2.506703379,1
S0052,4.814530431,8.079296668,3.096919594,1
S0053,2.409308217,5.893905741,3.555198216,1
S0054,1.172400436,7.835434596,1,1
S0055,1.716379757,6.097878921,1.02368953,1
S0056,2.568871174,6.041043575,6.691611734,1
S0057,4.791118792,6.618952003,4.901702365,1
S0058,1.564796254,5.865367915,5.984555757,1
S0059,4.054063375,6.835263357,3.286369319,1
S0060,1.434730157,6.313692374,1,1
S0061,4.92503031,6.643075973,6.601628859,1
S0062,2.526465996,5.802567832,4.722737569,1
S0063,4.100938156,6.725948732,3.06889104,1
S0064,2.370364331,6.44967212,2.757013507,1
S0065,3.510675509,6.438729579,2.0805826,1
S0066,1.768064339,6.86344172,6.484907951,1
S0067,1.584084077,6.26136065,6.559395059,1
S0068,4.752256558,7.70150616,5.183309219,1
S0069,4.670589112,8.576877412,4.345828945,1
S0070,4.549875761,8.733845094,4.437724636,1
S0071,3.501733801,6.980999316,1.079822485,1
S0072,4.233072845,7.524162142,4.694528967,1
S0073,1.276147748,6.136959322,5.892722583,0
S0074,2.339156168,6.980394834,1.369214393,1
S0075,2.254812499,7.562705696,2.322306313,1
S0076,3.542581288,6.779758868,1.995932882,1
S0077,2.423831094,8.118317073,5.145856961,1
S0078,1.594027127,7.500825363,3.521170977,1
S0079,3.385868302,6.307873137,1.871450037,1
S0080,4.257535683,7.0816427,1,1
S0081,2.528493978,6.027265541,2.456415564,1
S0082,1.52907486,7.986018184,3.495643196,1
S0083,1.786752789,6.314261937,2.910056607,1
S0084,1.949933221,6.794508894,1,1
S0085,2.199590372,6.90306238,1.210235216,1
S0086,3.571180282,8.062460998,7.44640673,1
S0087,3.403781938,7.196101234,5.331950247,1
S0088,3.784319446,6.562099941,2.810213147,1
S0089,2.450007938,7.221841859,5.10106255,1
S0090,4.295990608,6.205191154,4.050899527,1
S0091,1.816350645,6.646564785,4.28139397,0
S0092,2.87616299,6.928673525,2.303956428,1
S0093,4.203754886,8.457024698,1,1
S0094,1.720634591,6.388162456,1,1
S0095,1.439452455,7.44241353,4.206095139,1
S0096,4.534735871,6.222730304,2.839671787,1
S0097,2.371718651,6.047072077,1,1
S0098,3.7354805,7.640552239,5.932097722,1
S0099,1.101394417,7.498928572,1.191598688,0
S0100,3.760187554,7.513821108,2.451098867,1
S0101,2.264405246,6.12069552,3.65867121,1
S0102,1.222963414,7.716331027,4.017019898,1
S0103,3.439251046,7.247241755,5.321663351,1
S0104,1.963215264,8.254905242,1,1
S0105,2.547228968,5.596172435,4.961581803,1
S0106,1.322323249,7.173376064,2.691957999,1
S0107,1.588653004,8.389814233,5.413333569,1
S0108,2.191908942,6.48970431,1.050544242,1
S0109,1.359038002,6.739644864,3.924911406,0
S0110,4.643305059,6.559747763,4.34880352,1
S0111,1.024188173,7.244388242,1.218727576,1
S0112,2.935440875,6.365464131,3.484567457,1
S0113,1.492989833,6.520817273,4.568485212,1
S0114,2.230716358,7.213773228,1.962953195,1
S0115,4.704238239,7.27219718,5.453331179,1
S0116,1.646778213,7.268218083,5.024211016,1
S0117,4.863329279,6.407836938,1.298227586,1
S0118,1.823177508,7.891868478,3.630527022,1
S0119,3.966264434,6.603571997,5.147225074,1
S0120,3.18670906,6.739928023,3.60783938,1
S0121,4.53791491,5.963465842,4.221660297,1
S0122,3.215973022,7.205929178,1.438129113,1
S0123,3.138236877,5.727115282,1.602573771,1
S0124,1.781832001,6.097640715,1.05530796,0
S0125,1.664917448,7.036366826,2.0745916,1
S0126,4.665956604,7.55696545,3.204530411,1
S0127,2.311352795,4.819686227,5.914663198,1
S0128,2.48832902,7.231195636,2.064370932,1
S0129,4.039294634,7.907681142,4.428887081,1
S0130,2.35529393,6.980651127,1.657227493,1
S0131,4.808249787,7.634312033,1.714778201,1
S0132,3.951711076,7.727015898,5.187745583,1
S0133,3.38971697,7.036139443,4.997951418,1
S0134,4.523580642,6.156136706,4.361531202,1
S0135,1.198423633,7.137328292,5.305669403,1
S0136,2.028250769,7.05554298,6.820399526,1
S0137,2.860145337,5.989950762,2.36112132,1
S0138,1.907914158,6.393139673,1,1
S0139,3.975620749,8.444629987,1,1
S0140,4.676832124,7.927280094,3.725580778,1
S0141,2.69508048,6.828119254,3.490547621,1
S0142,2.3685304,6.033284628,4.551757984,1
S0143,4.846202929,7.106855484,1.811898595,1
S0144,2.779409731,7.562371406,1.270355786,1
S0145,2.956193602,7.199765581,1,1
S0146,2.406599489,6.178128933,2.36136278,1
S0147,4.638193892,5.429622351,3.239999119,1
S0148,3.275821933,6.886379854,5.529936313,1
S0149,4.048698349,8.055475419,1,1
S0150,4.247226873,6.136263428,3.834309495,1
S0151,2.367396168,7.440867605,2.551482658,1
S0152,2.734777325,7.653785943,1.649432941,1
S0153,4.393887098,6.4479914,5.020995033,1
S0154,2.453021407,7.102057335,5.579444771,1
S0155,4.175740534,7.504991156,5.861731455,1
S0156,4.76396929,6.090442768,7.180515948,1
S0157,3.492841492,6.678658835,5.253440485,1
S0158,3.96650915,5.208272622,7.202069187,1
S0159,4.220389248,6.838992781,3.891760121,1
S0160,4.380158596,7.174906256,4.761869112,1
S0161,2.580213351,7.488772663,1,1
S0162,1.205053837,7.00570535,4.287382502,1
S0163,2.607505085,6.798761544,5.680067295,1
S0164,3.695024919,6.698145339,3.160459975,1
S0165,2.801401543,7.063318808,1,1
S0166,3.995852603,5.181611829,1,1
S0167,2.427929718,7.101920932,6.726679256,1
S0168,3.538976564,6.444539379,2.146318702,0
S0169,1.745679219,8.004324589,2.410076593,0
S0170,3.997477747,6.785762764,1,1
S0171,3.182783875,6.723547051,1.721156548,1
S0172,1.816257554,7.942666411,1,0
S0173,2.167644694,7.950796084,1.25218232,1
S0174,3.994434834,6.957735231,1,1
S0175,2.930404943,6.637029229,3.587002398,1
S0176,1.864125762,6.177560217,1.000836771,1
S0177,4.869084761,7.590996706,1.415073703,1
S0178,3.860500079,8.161570088,4.929758174,1
S0179,4.82853933,6.43717482,1,1
S0180,2.708420181,7.273680312,4.629009756,1
S0181,2.900401363,6.251239231,2.126176616,1
S0182,4.591820865,5.853627508,1,1
S0183,3.100197361,7.449115537,3.456381837,1
S0184,3.829115648,7.195561578,1.306058205,1
S0185,2.00869151,8.121746667,6.222463971,1
S0186,2.786905875,7.052655095,2.333493355,1
S0187,1.493799463,6.459886881,4.758506384,1
S0188,1.823920144,7.559446888,4.571124589,1
S0189,1.003773661,6.267488507,3.144270597,1
S0190,1.157060207,5.963670336,1,1
S0191,4.909135293,7.166152914,1,1
S0192,1.969414781,7.183658224,6.429216151,1
S0193,3.653242838,6.517169,1,1
S0194,4.356398795,6.812413225,5.53937929,1
S0195,3.202641837,6.685226833,4.086353313,1
S0196,1.612578,5.906476783,4.974795631,0
S0197,3.912465749,7.476263553,1,1
S0198,3.40100564,6.922295604,1,1
S0199,3.925002357,6.952750297,4.379441244,1
S0200,4.078986491,6.383553475,3.621739218,1
S0201,4.901641471,6.673779183,4.633868092,1
S0202,3.29425312,7.12469916,3.962412284,1
S0203,2.366564451,6.453816368,1.484628338,1
S0204,3.593858228,5.989097695,4.047767651,1
S0205,1.273762837,5.417151511,1.962809518,1
S0206,4.589589273,6.695873432,5.354771703,1
S0207,1.477524045,6.821952682,1,1
S0208,2.311371352,6.215097621,1.890879024,1
S0209,4.262981523,7.090044944,3.665023656,0
S0210,3.389249513,7.473147129,1.158471599,1
S0211,2.574542081,7.103708875,1,1
S0212,2.893742638,8.238627948,4.758200376,1
S0213,4.418189573,6.659391364,5.481049088,1
S0214,2.360017544,7.152017577,1,1
S0215,4.478598739,6.208076152,3.980447717,1
S0216,1.352537724,7.489199054,5.233970252,1
S0217,4.107193749,7.289754393,5.045581132,1
S0218,4.390190532,6.765546129,2.102703139,1
S0219,1.727270611,7.1761105,2.010017981,1
S0220,2.721386129,7.113415109,1,1
S0221,1.661999099,6.164202879,2.139658902,1
S0222,3.826416516,6.406687536,5.19904079,1
S0223,3.141391072,8.167676489,2.389943418,1
S0224,3.541293387,6.023454307,1.87920063,1
S0225,1.785947868,5.929286234,6.948950173,0
S0226,1.846983448,5.850944203,6.08239373,1
S0227,1.165989302,7.469228338,4.506871677,1
S0228,2.288270141,7.014315551,2.662079492,1
S0229,3.238978645,6.257003895,1.416356993,1
S0230,4.431739656,6.095588782,2.594880434,1
S0231,3.66770979,7.270438644,1,1
S0232,2.741585294,6.863828627,8.535907301,1
S0233,4.812480458,7.263077132,1,1
S0234,3.876980802,6.752726223,1,1
S0235,4.720660811,6.820869995,4.348145958,1
S0236,3.110351893,6.978386876,2.275643744,1
S0237,2.035617099,6.220701872,3.43617866,1
S0238,1.211306745,7.570792201,1,1
S0239,3.904339406,6.801311124,1.792802211,1
S0240,1.485211992,5.596587277,1.436192145,1
S0241,2.211100513,6.779415881,2.284573303,1
S0242,3.129883632,7.41190046,5.845616404,1
S0243,3.257666351,8.047570564,3.080687583,1
S0244,3.402332788,6.007367089,4.889661252,1
S0245,1.665021321,6.453875322,2.53816669,0
S0246,2.518949619,8.115224427,1.758227821,1
S0247,3.468776908,6.348193976,1,1
S0248,4.879275459,7.191501541,6.125130008,1
S0249,3.910524551,5.988501124,1.634511256,1
S0250,4.690415028,6.30348455,1,1
S0251,4.048848233,6.528828755,1.263588823,1
S0252,3.366867876,6.327950545,6.415460362,1
S0253,1.768093477,7.789923493,7.028441551,1
S0254,3.666742608,8.107919505,4.367375617,1
S0255,3.493518264,7.646533884,2.237549797,1
S0256,3.409876682,6.585131993,1.533269655,1
S0257,2.959143472,5.78640206,1,1
S0258,3.114626416,7.083216924,4.014257165,1
S0259,2.337770108,7.441998017,4.678000662,1
S0260,3.077250771,6.751645117,2.141323993,1
S0261,1.790223623,7.401882533,1,1
S0262,4.220697589,7.069093306,1,1
S0263,1.743107819,7.998475465,2.077754673,1
S0264,1.33986516,6.419878774,1,1
S0265,2.744984105,5.859346168,3.37794174,1
S0266,3.633229758,7.287158673,1.38343403,1
S0267,2.7508673,7.740464962,4.372517952,1
S0268,2.107016528,6.173766923,4.501310951,1
S0269,3.232684736,5.634614936,2.920253937,1
S0270,2.388009342,7.369896442,6.429416174,1
S0271,4.731470761,6.518328981,2.965225154,1
S0272,4.690580558,6.387630084,6.258138552,1
S0273,3.00948728,7.545458486,3.874273918,1
S0274,2.311535976,6.057191777,4.299503086,1
S0275,3.948529656,5.273751476,2.10488457,1
S0276,1.146851774,8.563102704,2.792989872,1
S0277,2.899076024,6.851806074,2.907344619,1
S0278,2.345293577,5.744911812,4.468635733,1
S0279,4.68214354,6.814368477,4.362548404,1
S0280,1.048012109,7.361194526,1.900705345,1
S0281,3.211259503,7.645807323,2.48796375,1
S0282,3.962654324,7.699745027,4.371534115,1
S0283,2.94007195,6.747772376,6.759334574,1
S0284,1.341612121,7.263270228,1,0
S0285,4.88984556,7.706154593,1,1
S0286,3.072041726,5.359473486,6.110235599,0
S0287,3.456744977,8.049291202,7.295426008,1
S0288,1.946439131,6.373502748,1,1
S0289,2.93399234,7.970597485,1.434410431,1
S0290,2.716597968,6.477519865,4.010924204,1
S0291,1.299583368,6.93835561,3.411487503,0
S0292,1.424641414,7.001286966,1,1
S0293,4.349890078,7.135264725,1,1
S0294,1.959279809,7.688706738,3.764154772,1
S0295,1.779833086,7.13295308,4.219771524,1
S0296,3.019645805,6.844117078,5.939962945,1
S0297,4.074988525,7.264173853,1,1
S0298,1.247786074,6.465903549,3.374531461,0
S0299,3.307231679,6.874326455,5.309112381,1
S0300,1.476841771,6.007013455,1,1
S0301,1.145844203,6.957395189,1,0
S0302,1.210975809,6.648620049,1,1
S0303,4.336656433,6.040012469,1.441551078,1
S0304,1.471889935,6.69125299,1,1
S0305,1.180605458,7.179561148,4.096172039,1
S0306,2.751599549,5.501905071,1,1
S0307,4.375973888,6.545066796,1.102137847,1
S0308,2.049633506,6.588370284,5.509287906,1
S0309,2.68685047,7.306210448,6.000465237,1
S0310,1.15969013,7.16053065,1,1
S0311,2.796314057,6.514537489,4.987520841,1
S0312,3.310452323,8.150533282,1.175386511,1
S0313,3.283628215,7.901745315,5.548637436,0
S0314,2.329706769,7.53199822,5.749132998,1
S0315,2.262132723,7.108396272,3.056549259,1
S0316,1.426494476,7.095728739,5.07297324,1
S0317,2.467193283,7.025856091,1.493929685,1
S0318,1.397978675,6.928585811,2.21620486,1
S0319,4.066383779,7.099088689,7.503842525,1
S0320,4.865097191,7.096199922,5.963965704,1
S0321,4.880297827,8.212874118,2.911103715,1
S0322,4.460284398,6.299302076,5.45731661,1
S0323,3.403168597,7.358594729,1.365015982,1
S0324,3.803462789,7.809659825,3.895129762,1
S0325,2.140823211,8.162408662,5.576750124,1
S0326,3.523081681,6.248575995,4.283585232,1
S0327,2.822598198,7.091193365,5.800591258,1
S0328,2.928069359,7.287098391,5.164287469,1
S0329,4.031106242,7.085384757,5.604531585,1
S0330,2.127673422,6.87712983,1.07611881,1
S0331,2.272158447,6.99314768,1,1
S0332,4.698567165,6.98118342,1.356476226,1
S0333,1.224897179,5.898363889,3.901927672,0
S0334,2.942537194,7.346252851,4.374548346,1
S0335,4.651203202,7.741463573,2.118371266,1
S0336,3.441452031,7.354835996,1,1
S0337,3.185628297,7.246503179,1,1
S0338,1.998976717,6.772936314,3.818592442,1
S0339,2.373101956,7.650828227,4.824530644,1
S0340,4.408193663,5.968526386,1.659597632,1
S0341,3.236872527,6.775743898,1.109762881,1
S0342,3.058968775,7.650863561,1,1
S0343,1.398318854,8.335712528,1,1
S0344,1.064112626,6.821538467,1.850491533,1
S0345,4.854740755,7.078675832,4.020451542,1
S0346,2.507944669,7.379884695,1,1
S0347,3.412852248,7.044859612,2.100617851,1
S0348,1.318860293,6.203919582,1,0
S0349,3.732457143,7.14049888,6.029073741,1
S0350,4.730266835,8.28867526,3.857492016,1
S0351,3.302661012,7.448195012,2.950017535,1
S0352,1.50446129,7.424173082,2.008074173,1
S0353,3.32688611,7.876576794,1,1
S0354,4.065388852,5.996896901,5.785976472,1
S0355,2.625666146,6.661491331,4.298869301,1
S0356,4.519350992,6.873971862,2.203083777,1
S0357,3.594731813,7.107918047,5.52909458,0
S0358,4.596995673,6.87460733,3.552998787,1
S0359,3.494021245,7.027062443,3.110254318,1
S0360,1.525151888,6.937531334,3.075350993,1
S0361,2.238766844,6.791162581,4.397462096,1
S0362,1.807179793,6.840794998,1.751776028,1
S0363,4.635305991,6.367002764,4.53745838,1
S0364,4.041600269,5.621552145,1,1
S0365,3.705593476,8.570697722,4.325706905,1
S0366,2.203865279,7.604053964,6.410181145,1
S0367,1.736179088,7.411053735,5.401030789,1
S0368,4.025804352,7.250950433,6.576613617,1
S0369,2.896631784,6.938631313,3.844060414,1
S0370,1.903158209,6.874894446,5.081577503,1
S0371,3.466487913,7.282684838,3.831913642,1
S0372,1.161335409,6.914354293,1.150169903,0
S0373,2.304681017,6.683900227,4.484519647,1
S0374,2.874227978,6.860808153,5.446766241,1
S0375,1.591833336,7.413329197,1.867833287,1
S0376,4.93861791,7.206788167,1.38467769,1
S0377,1.836389458,6.731230648,4.622555315,1
S0378,1.52141252,7.128122107,4.533851297,0
S0379,1.814139496,6.922796413,2.135431402,1
S0380,4.076244533,6.821217685,5.622966295,1
S0381,2.702022637,6.779989068,1,0
S0382,3.261663759,6.593993943,5.90512306,1
S0383,1.084036628,7.257149721,1,1
S0384,1.137725234,6.632275086,5.779578125,1
S0385,2.783302199,6.891871342,1,1
S0386,4.266620973,8.276021672,2.971042744,1
S0387,4.540955515,5.697762423,1.623421793,1
S0388,1.34682627,5.964314538,3.51809858,1
S0389,3.153452408,7.75139678,3.894733666,1
S0390,4.652918745,7.734516372,1,1
S0391,2.551891018,6.653065005,3.445313509,1
S0392,4.318263326,7.577488284,1,1
S0393,1.534782618,8.169791291,4.315295486,1
S0394,4.741577959,6.569869101,2.179609798,1
S0395,4.00569327,8.62130662,4.087442711,1
S0396,4.765337571,6.156717889,1,1
S0397,3.706468934,7.468122557,1,1
S0398,2.453615728,6.8101481,2.500194827,1
S0399,4.75272469,7.559033585,1,1
S0400,2.102267105,7.477848412,1,1
S0401,2.328690088,7.42004063,5.430243997,0
S0402,3.803233672,7.035942004,4.827009985,1
S0403,4.061265198,7.208831916,6.063727742,1
S0404,4.717613935,7.373098232,1,1
S0405,1.819209636,7.572263407,4.591494506,1
S0406,4.191992141,7.109666147,5.697602717,1
S0407,3.954184214,6.811294745,3.686042852,1
S0408,1.255178225,6.472882821,1.807654043,1
S0409,2.548892565,7.282619634,1.115789991,1
S0410,2.131061828,8.051851367,1,1
S0411,2.217961697,7.568633224,2.418136202,1
S0412,4.931787518,8.851887212,6.283116104,1
S0413,3.571109654,6.88214089,1,1
S0414,3.870704631,7.435121962,3.147172068,1
S0415,4.906470549,7.375946231,1.943188156,1
S0416,2.50880713,7.120737437,5.909212611,1
S0417,4.207360674,6.234328737,2.211338911,1
S0418,2.738123853,6.981967819,3.744255801,1
S0419,4.478134687,7.411243078,1.788542055,1
S0420,1.722630165,6.811920694,2.171287869,1
S0421,4.790744708,6.922618426,1,1
S0422,1.875086834,6.737085115,3.314093237,1
S0423,2.304882028,7.707515918,5.531038752,1
S0424,4.024768936,7.289741254,1.684946143,1
S0425,2.575020566,6.245018455,2.484875267,1
S0426,3.432845507,6.192128469,4.612321997,1
S0427,2.778294004,7.525565983,4.608061698,1
S0428,3.969479748,5.576983247,4.803588479,1
S0429,1.913325009,6.095259337,1,1
S0430,1.233831949,7.169283946,3.380189732,1
S0431,2.19971759,6.704175977,1.306208713,1
S0432,2.897234659,7.540715811,5.29144852,1
S0433,1.672080209,7.237639445,2.394358764,1
S0434,2.419189159,7.027487686,1,1
S0435,2.599932073,7.079626722,2.960794036,0
S0436,1.229567375,7.944420961,5.619431487,1
S0437,3.333228993,7.098029052,1.842254295,1
S0438,4.537373712,6.549058901,5.237828639,1
S0439,1.606971652,6.52799789,3.18743616,1
S0440,3.391232054,7.265030395,1.098746139,1
S0441,3.65895682,6.618266767,2.220103891,1
S0442,2.677338722,6.992403594,2.081356451,1
S0443,3.804390349,7.544172222,1,1
S0444,2.642926174,6.48886992,4.876077864,1
S0445,3.018549152,6.947232772,4.984986568,1
S0446,1.029412178,6.26353312,1,1
S0447,3.766880457,6.625986631,1,1
S0448,3.645370716,7.109495168,1.163449699,1
S0449,1.153603509,7.255768962,3.726164683,1
S0450,2.47300043,7.028317618,2.13350246,1
S0451,4.916127363,7.321245617,1,1
S0452,2.68294625,6.839651291,4.474999379,1
S0453,3.007781621,6.837533144,4.132425399,1
S0454,4.639720633,8.196115152,1,1
S0455,3.869047503,7.459603564,1.974338759,1
S0456,3.328280524,6.514586232,4.255400257,1
S0457,4.191218725,7.139639645,3.220242383,1
S0458,4.457465066,6.519823332,3.687439617,1
S0459,2.827552287,7.397745293,4.034757557,0
S0460,2.90043346,7.312138138,1,1
S0461,2.544203743,7.831155598,3.577708015,1
S0462,4.86682456,6.849935513,1,1
S0463,3.788665017,6.663436152,6.136291017,1
S0464,1.332892265,6.900278293,2.930180989,1
S0465,4.451838493,7.330566822,6.711135612,1
S0466,2.922239763,6.173065328,1.424072452,1
S0467,1.275015626,6.532048639,3.570805094,1
S0468,3.198869021,6.257102925,2.643990256,1
S0469,2.668657116,7.046281657,5.70309519,0
S0470,4.510997619,6.324269793,4.72048693,1
S0471,1.815978414,7.968307759,4.59957614,0
S0472,4.305858438,7.317991452,4.773429825,1
S0473,3.230754765,8.191876159,2.195161219,1
S0474,1.218441213,7.829677365,2.100892134,1
S0475,4.887381205,5.985610938,3.433562841,1
S0476,3.050460976,7.215453059,1.454276346,1
S0477,2.163507417,6.392739899,3.939331331,1
S0478,2.877627368,6.472704776,5.560673765,1
S0479,4.431431134,7.821940203,5.49316484,1
S0480,2.219612498,7.010351339,1,1
S0481,1.770705586,7.014533006,2.552127392,1
S0482,1.516284988,7.457262258,5.060348096,1
S0483,2.191437594,7.073874706,3.420081175,1
S0484,4.120192348,5.783246296,1,1
S0485,2.886505461,6.906215134,3.160136472,1
S0486,1.909926415,7.148492057,1.384281386,1
S0487,1.664739998,4.957188822,3.240514341,1
S0488,2.330917906,7.519539209,3.886525851,1
S0489,4.759697492,7.75165146,1,1
S0490,2.37210685,7.280401775,1,1
S0491,4.952496304,6.404684164,4.676066163,1
S0492,2.940921823,6.985442351,1.111924635,1
S0493,1.716655673,6.955995569,2.219955923,1
S0494,4.564560367,6.575157011,3.166575535,1
S0495,2.841421493,7.049467216,3.100342392,1
S0496,3.838685374,7.337825731,4.658556696,1
S0497,4.934846333,5.706926277,5.789332244,1
S0498,1.200701401,7.999719931,1,1
S0499,1.386778239,7.708803848,5.31058266,1
S0500,3.881826966,7.774941919,2.266059396,1
S0501,2.127300013,7.752310532,1,1
S0502,1.737205588,7.17526589,5.049408222,1
S0503,1.157447519,8.251860836,2.629857741,1
S0504,1.087386848,6.242451913,3.820010849,1
S0505,4.097942412,7.04087568,1,1
S0506,1.537733709,6.549097665,3.117642492,0
S0507,2.870882464,7.380404219,2.639398393,1
S0508,3.423587261,6.800840127,2.2872295,1
S0509,2.713407202,5.640291574,1.743585324,1
S0510,1.108426609,6.594827207,1,1
S0511,4.13400601,7.684247251,3.76681764,1
S0512,1.042052898,7.60414783,1,1
S0513,4.047559578,6.390627173,3.564516898,1
S0514,4.573217975,7.232184968,1.224025204,1
S0515,2.731359684,8.241835698,3.202211502,1
S0516,3.142169892,5.837656037,4.168227616,0
S0517,2.90793357,7.269506146,2.843656387,1
S0518,2.556834474,7.379412454,4.457556052,1
S0519,4.549698141,7.461911234,3.857926164,1
S0520,4.575734043,8.133239064,4.365515232,0
S0521,2.343265459,6.241466365,5.678693917,1
S0522,3.460279016,6.26063356,2.740339159,1
S0523,4.707630249,5.973671573,1,1
S0524,4.848233996,6.19976733,3.505086251,1
S0525,3.035836162,7.07370294,7.28514168,1
S0526,2.811299221,6.716269811,1.279875988,1
S0527,2.114777264,7.010802833,3.49825139,1
S0528,4.835487493,6.414316144,1,1
S0529,1.571257218,6.329070323,1,1
S0530,3.319318304,6.289070724,5.561122436,1
S0531,2.13020107,6.920788552,3.726589149,1
S0532,2.116033161,6.587708415,2.180682969,1
S0533,2.61987435,6.880669395,5.588036336,1
S0534,4.995171743,7.463477554,6.872748994,1
S0535,1.219865227,6.735529641,4.237848963,1
S0536,3.314167273,7.554274146,3.716232811,1
S0537,1.330288632,6.699447261,2.414598752,1
S0538,1.61808332,7.922823744,3.16033012,1
S0539,2.758251767,7.725200831,4.083941334,1
S0540,3.041840525,7.482883103,1.275408345,1
S0541,2.035169633,7.033605736,1.717416068,1
S0542,2.265828523,7.649651395,3.972607075,1
S0543,1.347868081,6.653378621,4.430666253,0
S0544,2.212879135,7.036744664,5.6213175,1
S0545,4.866233758,7.511414742,4.897134998,1
S0546,4.778829527,6.991912637,5.211645265,1
S0547,2.339513161,6.139794731,5.280403508,0
S0548,3.283415745,6.89929275,3.564902559,1
S0549,4.638381564,7.267996676,3.49431048,1
S0550,1.024735291,7.2383756,4.687630544,1
S0551,4.242734281,6.6052578,3.959565441,1
S0552,4.793478211,8.195105643,3.079612582,1
S0553,1.365302937,7.132219973,1,1
S0554,1.645790744,6.752688557,1,1
S0555,4.842985211,5.776186137,3.171603893,1
S0556,3.150160575,7.030219435,2.69517338,1
S0557,1.056786538,7.842311059,2.847551107,0
S0558,2.030527995,6.747630386,1,1
S0559,2.799774697,7.52101272,5.669413666,1
S0560,3.771635644,7.505089481,1,1
S0561,3.932641513,7.500035558,2.179239099,1
S0562,4.981686052,6.965048117,2.879313466,1
S0563,2.150044798,7.057527743,4.643671406,0
S0564,3.152880407,6.755915939,3.639307682,1
S0565,3.133294191,5.419932313,1.531160814,1
S0566,2.622581038,7.776232981,7.482650703,1
S0567,1.676647575,7.537649753,3.921207505,1
S0568,4.909826253,6.617511522,1,1
S0569,4.413268747,5.756950634,1,1
S0570,2.993332113,6.900932104,3.457364482,1
S0571,3.412981691,6.147444879,5.792389243,1
S0572,1.909044214,6.442805741,1.629108731,1
S0573,3.175148282,6.807347008,1.219813983,1
S0574,3.779880532,6.063878833,1.36917384,1
S0575,3.060668114,6.951789289,4.068950742,1
S0576,4.961140682,7.779327707,3.428100722,1
S0577,3.445366625,8.06220543,3.981125819,1
S0578,2.48389485,6.980087197,4.073144935,1
S0579,4.08860811,6.221116923,1,1
S0580,1.681850046,6.945163466,3.28282707,0
S0581,2.538063255,6.899138932,2.509870372,1
S0582,2.387835802,6.14883039,2.088457535,1
S0583,2.72722838,7.585413275,2.263376238,1
S0584,4.127119304,8.692399585,3.858369706,1
S0585,2.936692129,6.756553591,2.42393525,1
S0586,4.176057801,7.537495649,3.791479052,1
S0587,3.305955613,7.509406542,2.713247113,1
S0588,2.368277739,6.618274447,1.429109307,1
S0589,4.239914975,6.494354956,5.28636427,1
S0590,1.953158682,8.272263758,1,1
S0591,1.897531919,7.124732699,5.322572688,0
S0592,3.018011696,6.597556741,6.372857573,1
S0593,2.043396984,6.829839328,1,1
S0594,1.03634814,7.128714026,3.415485382,1
S0595,3.593190109,7.95813803,3.501547303,1
S0596,3.044375286,6.508579006,5.31693662,1
S0597,2.782071258,6.583434364,1.609356232,1
S0598,4.867874058,7.301074164,1.535519482,1
S0599,3.284796736,8.366689605,1,1
S0600,4.453726311,6.682043026,1,1
S0601,1.557800945,6.788715517,3.199438571,1
S0602,3.276825853,6.974641641,1.828203454,1
S0603,4.471918507,7.046415461,3.327193026,1
S0604,3.332423029,7.275365932,1.639201409,1
S0605,3.872056713,5.91070154,5.287904161,1
S0606,2.488174271,6.667627507,5.393494852,1
S0607,1.369798068,7.28757684,5.109939187,1
S0608,2.831601181,5.546242129,6.171437004,1
S0609,2.577917563,6.063252064,4.8625279,1
S0610,4.46824073,6.051724155,2.936461567,1
S0611,1.975981209,7.294945687,3.591323197,0
S0612,4.86693691,7.779200673,1.645682907,1
S0613,4.832552479,7.407268776,5.276272172,1
S0614,1.990526572,6.043472319,6.162288623,0
S0615,2.392207822,7.802329116,2.218701866,1
S0616,4.582222963,6.676727382,6.001706999,1
S0617,4.866488884,7.353573973,1,1
S0618,2.773756411,7.506258283,1,1
S0619,2.283988183,7.337255838,4.123631867,1
S0620,3.104376053,6.410630078,5.139331073,1
S0621,3.751076825,7.605687177,2.04836867,1
S0622,2.093898061,6.874251863,1,1
S0623,3.945892698,6.94938456,1.182704927,1
S0624,1.206629428,8.025675051,1,1
S0625,1.197177971,7.187692448,4.386358155,1
S0626,2.545150821,7.264970399,1,1
S0627,2.413892768,7.691238311,4.294368261,1
S0628,2.262532861,7.746602306,8.483535553,1
S0629,2.964079051,6.795615762,1,1
S0630,2.282934329,6.343755022,1,1
S0631,1.769031674,6.756803229,4.614389165,1
S0632,2.237878196,7.957240481,4.052158751,1
S0633,4.899617091,8.164260041,6.62710067,1
S0634,2.644453668,7.090531799,5.694607284,1
S0635,2.778851107,7.338392816,5.142193901,0
S0636,3.30617996,8.329538192,1,1
S0637,4.933363074,6.899177648,1.71348842,1
S0638,1.966405106,7.383975772,1,1
S0639,3.725128442,7.062849618,1.261970394,1
S0640,3.863938774,6.834860926,3.624890937,1
S0641,3.429297667,6.677562805,1.551141546,1
S0642,1.354313359,7.172846367,2.925267635,1
S0643,3.707489103,6.378997948,4.612282323,1
S0644,1.256378844,7.399384452,3.517781785,1
S0645,3.384570598,6.377368913,3.087098525,1
S0646,3.958324709,6.499742323,1.41812975,1
S0647,1.843879562,8.743412281,1.298442937,1
S0648,4.36648803,7.144163007,2.868698689,1
S0649,1.121415222,5.943380464,1,1
S0650,4.375251455,6.003456065,4.215500377,1
S0651,2.841316203,5.567028175,1.521926347,1
S0652,1.87035176,6.343112949,1.917766287,1
S0653,1.53511258,5.752469694,6.225813119,1
S0654,4.81322867,7.325929121,3.711329834,1
S0655,1.29066235,6.618451834,3.470783194,1
S0656,1.79637368,7.015100713,4.612581683,0
S0657,2.39128939,6.443341106,1,1
S0658,3.480939396,6.969061683,6.656168854,1
S0659,3.179204341,7.244486223,1.803095328,1
S0660,1.50257397,6.984407263,1.077022527,1
S0661,2.158911935,8.243791598,4.20350818,1
S0662,1.955007084,6.694756592,3.949916891,1
S0663,1.854171418,6.166326093,1.928797217,1
S0664,2.644577346,7.904649475,2.128597735,1
S0665,3.81612581,5.836116953,3.251525869,1
S0666,1.869811729,6.344148238,1.775308817,0
S0667,2.466715519,6.713056584,2.651988874,1
S0668,2.563669707,8.316155148,1,1
S0669,4.905826118,7.147092017,5.173687589,1
S0670,4.818665428,6.741032699,4.845621911,1
S0671,4.200550331,6.231850311,5.447286268,1
S0672,1.966635683,7.303660239,1.123789312,1
S0673,1.272149256,7.746597255,2.71579549,1
S0674,2.267616551,7.544100853,3.53128549,1
S0675,2.067178198,7.259542723,6.442545483,1
S0676,3.023703201,7.268232057,7.741926418,1
S0677,4.11091164,6.67325318,4.650240907,1
S0678,4.433291756,7.630565962,3.643744818,1
S0679,4.379456342,7.004134272,1,1
S0680,2.438702245,5.891899139,1.65259625,1
S0681,3.748937374,7.429844096,4.77202942,1
S0682,2.25133679,6.467007722,1,1
S0683,1.243622173,7.022174112,2.260457638,0
S0684,3.806261062,6.625903777,1.214200388,1
S0685,1.03931021,7.012035474,4.965595405,1
S0686,2.63673035,7.097557296,3.674532142,1
S0687,2.317517077,7.015048061,1,1
S0688,3.773510154,6.631299451,1.86246106,1
S0689,4.064981891,6.906187715,5.002272576,1
S0690,2.216378544,7.603501944,2.037791658,0
S0691,4.246508058,5.452990816,1,1
S0692,2.175667042,7.559513061,4.582348664,1
S0693,2.78530544,6.736937188,4.932852523,1
S0694,3.908074108,6.679840127,1,1
S0695,3.771680917,7.736356761,4.602767513,0
S0696,4.949473889,6.912926921,1,1
S0697,1.900644097,7.035760608,2.09370163,1
S0698,3.649271654,6.439412879,2.156877338,1
S0699,3.438727633,8.01257613,3.505101325,1
S0700,4.660393818,6.768168711,2.451339121,1
S0701,1.625448567,6.28724051,1.044176587,1
S0702,4.007192654,6.984978009,6.16127875,0
S0703,3.273074465,6.445893395,4.916072535,1
S0704,2.098663479,7.302577398,3.984312954,1
S0705,2.897739657,6.194545248,6.62292774,0
S0706,2.335106388,7.882848325,1,1
S0707,3.317253611,7.195336733,4.81409841,1
S0708,4.556002443,8.322084259,1,1
S0709,3.277219938,6.755476592,6.10770038,0
S0710,3.526889673,7.412095142,1,1
S0711,3.074991388,6.005854892,5.471792905,1
S0712,1.204662026,7.313693963,1.251881175,1
S0713,1.931434228,5.741959814,2.149711138,1
S0714,2.968006918,6.996876186,6.239224904,1
S0715,2.240941135,6.646478509,1,1
S0716,1.727054391,7.093918844,4.231392478,1
S0717,3.016531368,7.056852735,3.101832133,1
S0718,2.291239174,6.013624775,1,1
S0719,2.032430573,5.886085646,1,1
S0720,2.85594167,7.780525813,1,1
S0721,1.533137032,7.31810386,2.467242956,1
S0722,4.710982932,7.153455226,4.856254987,1
S0723,4.470808392,6.337199616,5.972610806,1
S0724,3.830482343,7.739335341,3.174860429,1
S0725,1.42485531,7.114426277,1,1
S0726,4.103509018,7.692184163,5.903934073,1
S0727,4.231829312,7.161202103,1.209134185,1
S0728,4.071058471,7.086745019,4.15388465,1
S0729,1.455863548,6.121861694,3.773157193,1
S0730,3.575631828,6.602967758,2.807624245,1
S0731,4.337299183,7.413967972,1.620775112,1
S0732,3.309413605,6.564838408,1,1
S0733,3.585629501,5.791407711,3.426243283,1
S0734,2.833453918,5.582062114,1.00071366,1
S0735,3.11482928,7.046535469,6.826016015,1
S0736,1.137507433,7.333657442,4.330229509,1
S0737,3.555852088,7.69838893,1.552417775,1
S0738,1.325788852,6.79622243,1.742170485,1
S0739,2.740058377,6.042021061,5.552471792,1
S0740,2.170620391,5.589039635,3.948279298,1
S0741,3.181711801,5.737648063,3.461990364,1
S0742,1.533665342,6.758752203,3.65360862,1
S0743,3.766573608,6.748615182,2.511036764,1
S0744,4.180046148,6.915357599,3.506886424,1
S0745,1.653417799,6.696728404,5.649465519,1
S0746,1.417252349,6.737077647,1.132689988,1
S0747,1.582061931,7.089832962,1,1
S0748,4.508510248,7.497924726,4.588848135,1
S0749,3.112757047,7.671564598,1.779876067,1
S0750,2.869043984,5.640012484,6.970919826,1
S0751,1.426847276,7.57053017,2.936024701,1
S0752,3.598224027,6.774775397,4.377606619,1
S0753,4.471998368,6.883797285,1.04876486,1
S0754,4.312743477,8.036091309,2.973469998,1
S0755,3.504218836,7.407692168,4.128091945,1
S0756,1.301114867,6.173508109,1,1
S0757,1.449588109,6.839089744,6.873897662,1
S0758,1.197235948,6.532446746,5.736359261,1
S0759,2.029916866,7.130091101,2.348790423,1
S0760,1.542645869,7.863136909,2.367981468,1
S0761,2.040192161,6.435747591,1,1
S0762,2.540232223,8.048986096,1,1
S0763,4.771931136,6.070252105,5.662672619,1
S0764,3.441504239,6.450777316,2.460811417,1
S0765,4.339895143,6.759278248,4.330347098,1
S0766,3.841406003,6.92780692,1,1
S0767,1.450012522,6.68828578,3.929171071,1
S0768,3.943681625,7.436215734,1,1
S0769,2.100395526,7.16790983,3.021653501,1
S0770,3.556431388,6.116073229,3.133921823,1
S0771,2.363847895,6.642777045,3.902324417,1
S0772,4.990689053,6.391356694,4.057735045,1
S0773,2.054205918,6.827302669,1.030687865,1
S0774,2.116521883,6.895747345,1.813981548,1
S0775,4.722689022,7.203796421,1,1
S0776,1.098577619,7.840770559,3.326652346,0
S0777,3.786755951,7.343042577,1,1
S0778,3.901305563,6.707117668,1,1
S0779,4.34551431,7.029414809,1.501116005,1
S0780,4.897757243,5.948864569,1,1
S0781,4.902407677,6.041141819,1,1
S0782,1.26110703,5.646824163,1,1
S0783,4.287357291,6.829432942,3.907567109,1
S0784,3.585239735,6.805224937,4.062161438,1
S0785,3.589368537,6.804882632,2.374424634,1
S0786,1.513399706,5.839418951,3.162576004,1
S0787,3.600748666,7.328547667,2.509509454,1
S0788,4.929930322,5.876385663,2.975078406,1
S0789,4.647274278,7.005466546,2.706270539,1
S0790,2.756522643,7.237289018,3.994987812,1
S0791,1.159791893,7.030672586,1.685989031,1
S0792,2.44917396,6.263096944,5.496767443,1
S0793,4.305561246,6.449010073,5.556902379,1
S0794,3.805996406,8.077208818,3.755074111,1
S0795,2.837374622,7.791706106,1,1
S0796,1.220406141,7.658501702,1,1
S0797,2.707578911,6.15848785,2.395918704,1
S0798,2.876099759,6.814870499,1.818944461,1
S0799,4.714222132,6.436829054,2.46773308,1
S0800,3.564344414,7.847576367,1,1
S0801,2.246611667,7.109340518,4.562549809,1
S0802,3.101273058,6.381886694,5.389768022,1
S0803,1.264221231,6.857256229,5.181697073,1
S0804,4.890272943,7.963035262,2.439543775,1
S0805,2.440239608,7.057588185,1.722249654,1
S0806,2.91146942,7.696964472,2.896703822,1
S0807,2.421135897,6.977635477,1.066765516,1
S0808,3.73004692,6.957116775,3.826931613,1
S0809,3.648928633,5.546545441,4.777476431,1
S0810,3.861289242,7.237833564,4.805107503,1
S0811,2.072572918,7.085290655,3.482193043,1
S0812,2.262673925,6.953720874,1.939540672,1
S0813,1.501004924,6.911743869,1,0
S0814,3.622039887,6.291138195,4.017304136,1
S0815,1.159188509,7.776525601,5.19069025,1
S0816,3.390729342,7.271994939,4.130909479,1
S0817,4.478783539,7.78751354,1.321632928,1
S0818,4.563328593,7.984084822,7.284021242,1
S0819,2.796151041,6.603057246,1.559470826,1
S0820,2.837214753,6.587560275,3.974998182,1
S0821,1.307876732,6.675346489,6.481531783,1
S0822,3.683060102,7.142871928,1,1
S0823,4.285037681,6.390378387,1.527643638,1
S0824,1.978620218,7.242213094,3.70239759,1
S0825,2.685203527,6.868079572,5.30095983,1
S0826,4.355357347,8.185828016,4.608174323,1
S0827,4.508481871,7.363216669,1,1
S0828,1.972719921,6.509132856,1,1
S0829,3.202282538,4.500749531,1,1
S0830,1.769972603,8.060124832,5.415928843,1
S0831,1.407515057,7.023367019,6.853508328,1
S0832,4.644482006,6.87081814,6.880042428,1
S0833,4.282030017,7.094413528,4.010255061,1
S0834,4.040139607,6.193566233,1,1
S0835,1.195065275,7.958307712,1,1
S0836,4.374915171,6.806132127,3.694411867,1
S0837,2.752176304,6.750267321,1,1
S0838,2.369580493,7.571769815,1,1
S0839,3.185905444,7.663682594,5.962203869,1
S0840,1.365412971,6.823856039,1.540256877,1
S0841,4.026586197,6.46179197,5.049854645,0
S0842,3.329740308,7.202211183,4.823839348,1
S0843,1.746360387,6.802698435,2.738255556,1
S0844,1.752928799,7.208108986,2.705643454,1
S0845,1.736994606,8.27182078,3.494502835,0
S0846,1.22800955,5.662068724,5.489484126,1
S0847,3.351193797,6.536489839,4.398882225,0
S0848,4.36139271,5.952320951,1.939158891,1
S0849,1.069992856,5.781172243,1,1
S0850,1.19601858,8.183399082,1.377151051,1
S0851,3.291081107,6.541431081,5.154911513,0
S0852,4.277982742,6.703403607,3.870305035,1
S0853,2.306955562,6.804540375,4.118818294,0
S0854,2.398457595,7.436675609,5.16792873,1
S0855,3.38538599,6.082893048,2.051870197,1
S0856,2.096851556,7.578182515,2.875610059,1
S0857,1.106433464,6.320885758,1.053791732,1
S0858,3.940914072,7.927634979,2.145023982,1
S0859,3.502599652,6.595023727,4.145827364,1
S0860,3.323023996,5.3359957,4.233059932,1
S0861,3.966736516,5.659864486,1.451171392,1
S0862,3.70092335,6.554665783,3.564225861,1
S0863,1.823527953,6.809606109,4.82027013,1
S0864,2.409924188,7.429740146,3.956057584,1
S0865,1.504440567,7.258098233,4.363293139,1
S0866,1.519428054,6.49196947,7.175486029,1
S0867,3.704782985,7.108666913,1,1
S0868,4.434400428,7.10342626,1,1
S0869,4.850930335,7.054732648,3.107869177,1
S0870,3.51338847,6.664395193,5.983448282,1
S0871,1.736405293,6.425203282,1,1
S0872,1.422601382,7.494768098,4.452517989,1
S0873,4.251403886,5.984068124,3.267322738,1
S0874,3.315025905,5.612210202,5.896079613,1
S0875,3.473140084,7.613518908,4.089591574,0
S0876,4.125848355,6.896530824,1,1
S0877,3.813108911,9.353502927,2.609477783,1
S0878,4.337833011,7.544128752,5.042057841,1
S0879,1.224855622,6.690027385,3.423466077,0
S0880,3.990082547,5.80575182,4.943735814,1
S0881,4.403411029,5.490024311,7.200319171,0
S0882,2.14454017,6.996140867,1,1
S0883,3.561789096,7.617925324,1.377159669,1
S0884,2.256648255,7.529763318,2.062424795,1
S0885,4.831884266,7.462667613,1,1
S0886,1.13369429,7.414980954,1,1
S0887,3.319171375,6.18923654,1,1
S0888,1.666014188,6.443356564,4.776563207,0
S0889,3.848880821,6.836763844,4.049832236,1
S0890,1.703561134,7.223728162,2.662139206,1
S0891,1.941533048,7.029481568,3.364206626,1
S0892,2.977483244,6.551605823,1,1
S0893,4.6593398,5.878175461,3.277659269,1
S0894,1.846857489,7.418407842,1.555713698,1
S0895,1.576960084,6.726340767,4.509196167,1
S0896,4.035907327,6.484993821,1,1
S0897,3.002478129,6.222909272,3.207455851,1
S0898,4.64714045,7.545594787,1,1
S0899,1.586458229,6.93335007,4.849160734,0
S0900,3.583711572,8.078104966,2.515466197,1
S0901,1.931516585,6.689598836,1,1
S0902,1.627041715,6.470769354,2.634478707,0
S0903,3.733717661,6.635957808,3.51155383,1
S0904,3.37473848,6.845790441,1,1
S0905,4.019309833,7.881982608,4.443019792,1
S0906,2.237850306,7.034844759,1.841722753,1
S0907,2.791886626,6.529074588,5.523126092,1
S0908,2.621886705,6.895481068,1,1
S0909,4.936357856,6.80786545,2.098625768,1
S0910,2.168995827,7.7118447,3.24755844,1
S0911,2.179268953,7.804266973,5.852902161,1
S0912,2.418192835,5.766946586,3.921695975,1
S0913,3.258376325,7.134458445,6.101751075,1
S0914,2.009290977,7.221889671,5.198119132,1
S0915,4.661159762,7.40302502,1.592088717,1
S0916,2.062742259,6.731889144,5.461028782,1
S0917,4.583262926,6.22698346,6.147367993,1
S0918,1.413900255,6.256049915,2.362288626,1
S0919,3.62625081,7.292519518,6.366529617,1
S0920,4.627942074,8.551758239,4.729304354,1
S0921,1.674997754,6.940179092,6.522473001,1
S0922,4.87330784,8.600649114,1,1
S0923,2.811533442,7.460567905,2.696628011,1
S0924,4.782860434,7.453344498,2.656920922,1
S0925,3.707280175,7.655954475,3.129888992,1
S0926,2.206347479,6.938706406,4.578833306,0
S0927,1.7532101,6.39030533,4.67711531,1
S0928,2.214940185,8.149201607,2.714300513,1
S0929,1.372069637,7.982259031,1,1
S0930,1.575471865,7.0398165,4.936228608,1
S0931,1.418641761,7.1201901,5.325225043,1
S0932,2.691774175,7.335660635,6.475984145,1
S0933,4.182313505,7.651101462,1.528755295,1
S0934,1.565534217,7.316218831,1.076059758,1
S0935,1.521281733,5.992359482,3.458234591,1
S0936,3.573715798,8.084152263,1.479962477,1
S0937,1.788731928,6.300212188,3.164309832,0
S0938,1.390440152,7.063219494,5.666594431,1
S0939,1.667394313,6.813247304,4.233765434,1
S0940,4.694925584,8.237382334,2.550004843,1
S0941,4.285885011,7.785460795,1.985201461,1
S0942,2.416258249,7.154828774,3.082786156,1
S0943,3.623283069,7.50500746,1,1
S0944,3.149102695,6.670198823,1.487870603,1
S0945,3.708497054,6.523868818,1,1
S0946,3.73068461,7.988113502,2.109511702,1
S0947,3.51493606,6.017877,1,1
S0948,2.064405474,6.355089707,3.974213438,1
S0949,1.156025683,5.778471884,1,1
S0950,2.822267128,5.807585017,1.135535766,1
S0951,4.563895539,7.997650631,3.603092514,1
S0952,3.277989034,8.188462738,1,1
S0953,4.329564167,6.964859241,1,1
S0954,4.966497372,7.70820309,5.979444246,1
S0955,1.654464817,6.812473199,1.967928196,1
S0956,3.767110557,6.730684161,4.521922445,1
S0957,3.697174295,6.305197947,1,1
S0958,4.919821789,6.284170768,1.475152519,1
S0959,4.942402936,6.278826283,3.905304735,1
S0960,3.746714447,7.069573837,5.819616495,1
S0961,1.974459168,6.359925666,1.632863589,1
S0962,4.194223353,7.90849892,3.912736987,1
S0963,1.428116537,7.81800537,5.755144705,0
S0964,4.122797217,7.151508979,2.223084835,1
S0965,4.640784497,5.945062597,2.649269656,1
S0966,2.531333579,6.265818488,5.107854498,1
S0967,3.52254118,6.652338208,2.813807956,1
S0968,2.720570928,7.40593199,1,1
S0969,2.75106022,7.365074995,3.152749415,1
S0970,2.241483556,6.594308838,1,1
S0971,4.048518482,8.744685817,4.736428013,1
S0972,4.744706257,6.50785297,3.331851483,1
S0973,4.763003437,6.307727478,3.977565342,1
S0974,1.699125139,7.341395875,1,1
S0975,4.498974599,6.449302649,1,1
S0976,3.949725766,7.306263163,1.490058802,1
S0977,2.011349603,7.159046527,1,1
S0978,1.269138452,8.192154532,4.018586573,1
S0979,2.071989068,5.73886055,2.508066411,1
S0980,4.648832947,6.866808113,3.548120827,1
S0981,3.5327147,6.941579391,5.795917689,1
S0982,3.884218644,6.997147395,4.74093628,1
S0983,2.028609404,8.482233392,2.51397387,0
S0984,3.877552622,6.850839508,2.971099635,1
S0985,1.112486025,6.747269325,1,1
S0986,2.501285383,6.611694411,3.313882126,1
S0987,3.507013394,7.144352298,3.218804236,1
S0988,1.584386262,5.990197182,2.096869989,1
S0989,4.292014298,6.895014508,3.863340753,1
S0990,1.940125195,7.516461879,3.32227519,1
S0991,3.609124451,6.531609052,1.99371985,1
S0992,2.62078857,6.267537878,4.503182073,1
S0993,3.384174382,7.095257282,1.733204393,1
S0994,1.429802211,6.727154738,1.420141774,1
S0995,1.0676512,7.322520655,1,1
S0996,4.63825771,6.816746461,2.890582694,1
S0997,2.078520035,7.933474783,3.687013017,1
S0998,4.278708011,7.501127157,6.816192511,1
S0999,4.997401202,6.557973049,5.277389227,1
S1000,1.845725032,5.778101591,4.643843748,1
